"{item:$subject} commented on {item:$owner}'s {var:$listingtype} listing {item:$object:$title}: {body:$body}";"{item:$subject} commented on {item:$owner}'s general accessory listing {item:$object:$title}: {body:$body}"
"{item:$subject} replied to a comment on {item:$owner}'s {var:$listingtype} listing {item:$object:$title}: {body:$body}";"{item:$subject} replied to a comment on {item:$owner}'s general accessory listing {item:$object:$title}: {body:$body}"
"You can also choose the photo snapshot for the video displayed in the slideshow by using 'Video Snapshot' option.";"You can also choose the photo snapshot for the video displayed in the slideshow by using 'Video Snapshot' option."
"posted by";"posted by"
"Popular Tags";"Popular Tags"
"Popular Tags (%s)";"Popular Tags (%s)"
"Note: Users will not be able to create listings in '%s', until you have created atleast one category. Please create some categories from the Admin Panel for this listing type to enable users to create listings.";"Note: Users will not be able to create listings in '%s', until you have created atleast one category. Please create some categories from the Admin Panel for this listing type to enable users to create listings."
"Sorry, you can not post a new listing right now. Please try again after sometime or contact us by filling the 'Contact Us' form using the 'Contact' link available in the footer of our site.";"Sorry, you can not post a new listing right now. Please try again after sometime or contact us by filling the 'Contact Us' form using the 'Contact' link available in the footer of our site."
"There are currently no paid packages available of the site. Please upgrade your package.";"There are currently no paid packages available of the site. Please upgrade your package."
"ADMIN_ACTIVITY_TYPE_SITEREVIEW_NEW_LISTTYPE_30";"Multiple Listing Types - When a new general accessory is posted."
"_ACTIVITY_ACTIONTYPE_SITEREVIEW_NEW_LISTTYPE_30";"New general accessory"
"ADMIN_ACTIVITY_TYPE_SITEREVIEW_PHOTO_UPLOAD_LISTTYPE_30";"Multiple Listing Types - When someone uploads a photo to general accessory."
"_ACTIVITY_ACTIONTYPE_SITEREVIEW_PHOTO_UPLOAD_LISTTYPE_30";"Uploading a photo to general accessory"
"ADMIN_ACTIVITY_TYPE_VIDEO_SITEREVIEW_LISTTYPE_30";"Multiple Listing Types - When someone uploads a video to general accessory."
"_ACTIVITY_ACTIONTYPE_VIDEO_SITEREVIEW_LISTTYPE_30";"Uploading a video to general accessory"
"ADMIN_ACTIVITY_TYPE_SITEREVIEW_VIDEO_NEW_LISTTYPE_30";"Multiple Listing Types - When someone uploads a video to general accessory."
"_ACTIVITY_ACTIONTYPE_SITEREVIEW_VIDEO_NEW_LISTTYPE_30";"Uploading a video to general accessory"
"ADMIN_ACTIVITY_TYPE_SITEREVIEW_REVIEW_ADD_LISTTYPE_30";"Multiple Listing Types - When someone write a review on general accessory."
"_ACTIVITY_ACTIONTYPE_SITEREVIEW_REVIEW_ADD_LISTTYPE_30";"Writing a new general accessory review"
"ADMIN_ACTIVITY_TYPE_SITEREVIEW_TOPIC_CREATE_LISTTYPE_30";"Multiple Listing Types - When someone creates a new general accessory topic."
"_ACTIVITY_ACTIONTYPE_SITEREVIEW_TOPIC_CREATE_LISTTYPE_30";"Creating general accessory discussion topic"
"ADMIN_ACTIVITY_TYPE_SITEREVIEW_TOPIC_REPLY_LISTTYPE_30";"Multiple Listing Types - When someone replies to general accessory topic."
"_ACTIVITY_ACTIONTYPE_SITEREVIEW_TOPIC_REPLY_LISTTYPE_30";"Replying to general accessory discussion topic"
"ADMIN_ACTIVITY_TYPE_SITEREVIEW_CHANGE_PHOTO_LISTTYPE_30";"Multiple Listing Types - When general accessory Owner change their general accessory profile photo as User."
"_ACTIVITY_ACTIONTYPE_SITEREVIEW_CHANGE_PHOTO_LISTTYPE_30";"When general accessory Owner change their general accessory profile photo as User"
"ADMIN_ACTIVITY_TYPE_SITEREVIEW_WISHLIST_ADD_LISTING_LISTTYPE_30";"Multiple Listing Types - When someone adds general accessory in wishlist."
"_ACTIVITY_ACTIONTYPE_SITEREVIEW_WISHLIST_ADD_LISTING_LISTTYPE_30";"Adding general accessory to wishlist"
"{item:$subject} posted a new general accessory listing:";"{item:$subject} posted a new general accessory listing:"
"{item:$subject} added {var:$count} photo(s) to the general accessory listing: {item:$object:$title} {body:$body}";"{item:$subject} added {var:$count} photo(s) to the general accessory listing: {item:$object:$title} {body:$body}"
"{item:$subject} posted a new discussion {item:$object:topic} in the general accessory listing {itemParent:$object:sitereview}: {body:$body}";"{item:$subject} posted a {item:$object:topic} in the general accessory listing {itemParent:$object:sitereview}: {body:$body}"
"{item:$subject} replied to discussion {item:$object:topic} in the general accessory listing {itemParent:$object:sitereview_listing}: {body:$body}";"{item:$subject} replied to discussion {item:$object:topic} in the general accessory listing {itemParent:$object:sitereview_listing}: {body:$body}"
"{item:$subject} changed the profile picture of the general accessory listing {item:$object:$title}:";"{item:$subject} changed the profile picture of the general accessory listing {item:$object:$title}:"
"{item:$subject} added a new video in the general accessory listing {item:$object:$title}: {body:$body}";"{item:$subject} added a new video in the general accessory listing {item:$object:$title}: {body:$body}"
"{item:$subject} added a new video in the general accessory listing {item:$object}:";"{item:$subject} added a new video in the general accessory listing {item:$object}:"
"{item:$subject} rated and wrote a review for the general accessory listing {item:$object}:";"{item:$subject} rated and wrote a review for the general accessory listing {item:$object}:"
"{item:$subject} posted a new general accessory listing: {item:$object}.";"{item:$subject} posted a new general accessory listing: {item:$object}."
"Edit General Accessory Location";"Edit Listing Location"
"Edit the location of your general accessory by clicking on 'Edit General Accessory Location' below. You can accurately mark the position of your general accessory on the map by dragging-and-dropping the marker on the map at the right position, and then clicking on Save Changes to save the position.";"Edit the location of your listing by clicking on 'Edit Listing Location' below. You can accurately mark the position of your listing on the map by dragging-and-dropping the marker on the map at the right position, and then clicking on Save Changes to save the position."
"You have not added a location for your general accessory. %1$sClick here%2$s to add a location for your general accessory.";"You have not added a location for your listing. %1$sClick here%2$s to add a location for your listing."
"Post New General Accessory";"Post New Listing"
"Compose your new general accessory below, then click 'Submit' to publish the general accessory.";"Compose your new listing below, then click 'Submit' to publish the listing."
"General Accessory Title";"Listing Title"
"Who may see this general accessory?";"Who may see this listing?"
"Who may comment on this general accessory?";"Who may comment on this listing?"
"Who may upload photos for this general accessory?";"Who may upload photos for this listing?"
"Who may create videos for this general accessory?";"Who may create videos for this listing?"
"Select the networks, members of which should be able to see your general accessory. (Press Ctrl and click to select multiple networks. You can also choose to make your general accessory viewable to everyone.)";"Select the networks, members of which should be able to see your listing. (Press Ctrl and click to select multiple networks. You can also choose to make your listing viewable to everyone.)"
"Show this general accessory in search results";"Show this listing in search results"
"Show this general accessory on browse page and in various blocks.";"Show this general accessory on browse page and in various blocks."
"SEPARATE_GENERAL ACCESSORY_TAGS_WITH_COMMAS";"Separate tags with commas."
"Your general accessory has been successfully created. You can enhance your general accessory from this Dashboard by creating other components.";"Your listing has been successfully created. You can enhance your listing from this Dashboard by creating other components."
"View General Accessory";"View Listing"
"View General Accessory &raquo;";"View Listing &raquo;"
"End general accessory on a specific date. (Please select date by clicking on the calendar icon below.)";"End listing on a specific date. (Please select date by clicking on the calendar icon below.)"
"When should this general accessory end?";"When should this listing end?"
"Note: your general accessory will be expired in %1$s %2$s after an approval or it may be changed by admin.";"Note: your listing will be expired in %1$s %2$s after an approval or it may be changed by admin."
"All General Accessories";"All Listings"
"Only Open General Accessories";"Only Open Listings"
"Only Closed General Accessories";"Only Closed Listings"
"Everyone's General Accessories";"Everyone's Listings"
"Only My Friends' General Accessories";"Only My Friends' Listings"
"General Accessories I Like";"Listings I Like"
"Only Expired General Accessories";"Only Expired Listings"
"General Accessories Having";"Listings Having"
"Only General Accessories With Photos";"Only Listings With Photos"
"Only General Accessory With Photos";"Only Listing With Photos"
"Edit the overview for your general accessory using the editor below, and then click 'Save Overview' to save changes.";"Edit the overview for your listing using the editor below, and then click 'Save Overview' to save changes."
"DASHBOARD_GENERAL ACCESSORY_SAVE_OVERVIEW";"Save Overview"
"DASHBOARD_GENERAL ACCESSORY_EDIT_OVERVIEW";"Edit Overview"
"Edit General Accessory Overview";"Edit Listing Overview"
"Contact information will be displayed on your general accessory profile.";"Contact information will be displayed on your general accessory profile."
"ADD_DASHBOARD_GENERAL ACCESSORY_WHERE_TO_BUY_OPTION";"Add Where to Buy Option"
"EDIT_DASHBOARD_GENERAL ACCESSORY_WHERE_TO_BUY_OPTION";"Edit Where to Buy"
"Add DASHBOARD_GENERAL ACCESSORY_WHERE_TO_BUY option for this general accessory using the form below. Enter the name of the Store and other details where this general accessory is available.";"Add Where to Buy option for this listing using the form below. Enter the name of the Store and other details where this listing is available."
"Select the online store for your general accessory from available stores drop-down below.";"Select the online store for your listing from available stores drop-down below."
"Enter the URL of the Store's webpage where this general accessory is available. (We recommend you to enter complete URL.)";"Enter the URL of the Store's webpage where this listing is available. (We recommend you to enter complete URL.)"
"Edit General Accessory Style";"Edit Listing Style"
"Edit the CSS style of your general accessory using the text area below, and then click 'Save Style' to save changes.";"Edit the CSS style of your listing using the text area below, and then click 'Save Style' to save changes."
"Add your own CSS code above to give your general accessory a more personalized look.";"Add your own CSS code above to give your listing a more personalized look."
"Custom Advanced general accessory Style";"Custom Advanced listing Style"
"Meta keywords are a great way to provide search engines with information about your general accessory so that search engines populate your general accessory in search results. Below, you can add meta keywords for this general accessory. (The tags entered by you for this general accessory will also be added to the meta keywords.)";"Meta keywords are a great way to provide search engines with information about your general accessory so that search engines populate your general accessory in search results. Below, you can add meta keywords for this listing. (The tags entered by you for this listing will also be added to the meta keywords.)"
"Edit General Accessory Info";"Edit General Accessory Info"
"Edit the information of your general accessory using the form below.";"Edit the information of your listing using the form below."
"Delete General Accessory?";"Delete General Accessory?"
"Are you sure that you want to delete the General Accessory with the title ""%1$s"" last modified %2$s? It will not be recoverable after being deleted.";"Are you sure that you want to delete the Listing with the title ""%1$s"" last modified %2$s? It will not be recoverable after being deleted."
"You have not added a location for your general accessory. %s to add a location for your general accessory.";"You have not added a location for your listing. %s to add a location for your listing."
"(You can edit the end date to make the general accessory live again.)";"(You can edit the end date to make the listing live again.)"
"You do not have any general accessory that match your search criteria.";"You do not have any listing that match your search criteria."
"You do not have any general accessories.";"You do not have any listings."
"Get started by %1$sposting%2$s a new general accessory.";"Get started by %1$sposting%2$s a new listing."
"You have already created the maximum number of general accessories allowed. If you would like to create a new general accessory, please delete an old one first.";"You have already created the maximum number of listings allowed. If you would like to create a new listing, please delete an old one first."
"Publish General Accessory";"Publish Listing"
"Close General Accessory";"Close Listing"
"Open General Accessory";"Open Listing"
"Delete General Accessory";"Delete Listing"
"Popular General Accessory Tags";"Popular Listing Tags"
"Browse the tags created for general accessory by the various members.";"Browse the tags created for listing by the various members."
"Edit General Accessory Photos";"Edit Listing Photos"
"Edit and manage the photos of your general accessory below.";"Edit and manage the photos of your listing below."
"An attractive photo and video Slideshow will be displayed on your General Accessory Profile page. Below, you can choose the photos to be displayed in this slideshow by using the 'Show in Slideshow' option.";"An attractive photo and video Slideshow will be displayed on your General Accessory Profile page. Below, you can choose the photos to be displayed in this slideshow by using the 'Show in Slideshow' option."
"There are currently no photos in this general accessory. %1$sClick here%2$s to add photos now!";"There are currently no photos in this listing. %1$sClick here%2$s to add photos now!"
"Choose photos on your computer to add to this general accessory. (2MB maximum).";"Choose photos on your computer to add to this listing. (2MB maximum)."
"DASHBOARD_GENERAL ACCESSORY_WHERE_TO_BUY options of %s";"Where to Buy options of %s"
"There are currently no DASHBOARD_GENERAL ACCESSORY_WHERE_TO_BUY option for this general accessory. Click %s to add options now!";"There are currently no Where to Buy option for this listing. Click %s to add options now!"
"Edit General Accessory Videos";"Edit Listing Videos"
"Edit and manage the videos of your general accessory below.";"Edit and manage the videos of your listing below."
"There are currently no videos in this general accessory. Click %s to add videos now!";"There are currently no videos in this listing. Click %s to add videos now!"
"An attractive photo and video Slideshow will be displayed on your General Accessory Profile page. Below, you can select a video to be displayed in that slideshow by using the 'Show in Slideshow' option.";"An attractive photo and video Slideshow will be displayed on your General Accessory Profile page. Below, you can select a video to be displayed in that slideshow by using the 'Show in Slideshow' option."
"Add a new video in this general accessory using the form below.";"Add a new video in this listing using the form below."
"Click 'Add Photos' to select one or more photos from your computer. After you have selected the photos, they will begin to upload right away. When your upload is finished, click the button below your photo to save them to your general accessory.";"Click 'Add Photos' to select one or more photos from your computer. After you have selected the photos, they will begin to upload right away. When your upload is finished, click the button below your photo to save them to your listing."
"Go to the General Accessory %s";"Go to the General Accessory %s"
"Please %s to update your reviews for this General Accessory.";"Please %s to update your reviews for this Listing."
"Post a New General Accessory";"New General Accessory"
"You have not composed an overview for your general accessory. Click %s to compose it from the Dashboard of your general accessory.";"You have not composed an overview for your listing. Click %s to compose it from the Dashboard of your listing."
"You have not added any photo in your general accessory. %1$sClick here%2s to add your first photo.";"You have not added any photo in your listing. %1$sClick here%2s to add your first photo."
"You have not added any video in your general accessory. %1$sClick here%2$s to add your first video.";"You have not added any video in your listing. %1$sClick here%2$s to add your first video."
"There are currently no videos in this general accessory. %1$sClick here%2$s to add your first video.";"There are currently no videos in this listing. %1$sClick here%2$s to add your first video."
"No general accessories have been posted yet.";"No listings have been posted yet."
"BE_THE_FIRST_GENERAL ACCESSORY_TO %1$spost%2$s one!";"Be the first to %1$spost%2$s one!"
"Nobody has posted a general accessory with that criteria.";"Nobody has posted a listing with that criteria."
"Be the first to general accessory %1$spost%2$s one!";"Be the first to %1$spost%2$s one!"
"This is the general accessory browse page.";"This is the general accessory browse page."
"Create your message with the form given below. (This message will be sent to the owner of this General Accessory.)";"Create your message with the form given below. (This message will be sent to the owner of this General Accessory.)"
"DASHBOARD_GENERAL ACCESSORY_WHERE_TO_BUY";"Where to Buy"
"DASHBOARD_GENERAL ACCESSORY_OVERVIEW";"Overview"
"General Accessories Home";"General Accessories Home"
"Browse General Accessories";"Browse General Accessories"
"My General Accessories";"My General Accessories"
"Top Rated General Accessories";"Top Rated General Accessories"
"Most Liked General Accessories";"Most Liked General Accessories"
"Popular General Accessories";"Popular General Accessories"
"Most Commented General Accessories";"Most Commented General Accessories"
"GENERAL ACCESSORY_TAG_(Keywords)";"Tags (Keywords)"
"Please %1$sclick here%2$s to give your review and ratings for this general accessory.";"Please %1$sclick here%2$s to give your review and ratings for this listing."
"Please %1$sclick here%2$s to update your reviews for this general accessory.";"Please %1$sclick here%2$s to update your reviews for this listing."
"Please select the wishlists in which you want to add this general accessory.";"Please select the wishlists in which you want to add this listing."
"You have not created any wishlist yet. Get Started by creating and adding general accessories.";"You have not created any wishlist yet. Get Started by creating and adding listings."
"You can also add this general accessory in a new wishlist below:";"You can also add this listing in a new wishlist below:"
"GENERAL ACCESSORY_TAG :";"Tag :"
"GENERAL ACCESSORY_TAGS:";"Tags:"
"GENERAL ACCESSORY_TAGS";"Tags"
"EXPLORE_GENERAL ACCESSORY_TAGS &raquo;";"Explore Tags &raquo;"
"Featured General Accessories";"Featured General Accessories"
"Sponsored General Accessories";"Sponsored General Accessories"
"%s general accessory found.";"%s listing found.";"%s listings found."
"%s general accessory";"%s listing";"%s listings"
"%s general accessory entry";"%s listing entry";"%s listings entries"
"General Accessories";"General Accessories"
"General Accessory of the Day";"General Accessory of the Day"
"This general accessory has been closed by the owner.";"This listing has been closed by the owner."
"What do you like about this General Accessory?";"What do you like about this Listing?"
"What do you dislike about this General Accessory?";"What do you dislike about this Listing?"
"You may add a video to your general accessory either by choosing from your existing videos, or by posting a new video:";"You may add a video to your listing either by choosing from your existing videos, or by posting a new video:"
"No discussion topics have been posted in this general accessory yet. Click %1$s to start a discussion.";"No discussion topics have been posted in this listing yet. Click %1$s to start a discussion."
"'s General Accessory";"'s Listing"
"This message corresponds to the General Accessory: ";"This message corresponds to the Listing: "
"Your general accessory's location has been modified successfully.";"Your listing's location has been modified successfully."
"GENERAL ACCESSORY_STORE";"Store"
"GENERAL ACCESSORY_STORE_URL";"Store URL"
"Delete DASHBOARD_GENERAL ACCESSORY_WHERE_TO_BUY?";"Delete Where to Buy?"
"Are you sure that you want to delete this DASHBOARD_GENERAL ACCESSORY_WHERE_TO_BUY? It will not be recoverable after being deleted.";"Are you sure that you want to delete this Where to Buy? It will not be recoverable after being deleted."
"GENERAL ACCESSORY_POSTED_BY";"Posted By"
"GENERAL ACCESSORY_POSTED_ON:";"Posted On :"
"GENERAL ACCESSORY_POSTED_BY:";"Posted By :"
"GENERAL ACCESSORY_posted_by";"posted by"
"VIEW_ALL_GENERAL ACCESSORY_STORES";"View all Stores &raquo;"
"ENTER_THE_ADDRESS_OF_GENERAL ACCESSORY_STORE";"Enter the address of the store."
"GENERAL ACCESSORY_AT %s store";"at %s store";"at %s stores"
"* The above cost for the %s is estimated and may slightly vary after including the taxes, manufacturer rebate, shipping cost, or any other sales / promotion on general accessories Stores.";"* The above cost for the %s is estimated and may slightly vary after including the taxes, manufacturer rebate, shipping cost, or any other sales / promotion on Stores."
"No reviews have been written for this general accessory yet.";"No reviews have been written for this listing yet."
"Select the best alternatives for %s below. (Selected alternatives will be displayed in 'Best Alternatives' block on this general accessory's profile page.)";"Select the best alternatives for %s below. (Selected alternatives will be displayed in 'Best Alternatives' block on this general accessory's profile page.)"
"Select the Store where this general accessory is available.";"Select the Store where this listing is available."
"This general accessory has beed expired.";"This listing has beed expired."
"Edit Where to Buy option for this general accessory using the form below.";"Edit Where to Buy option for this listing using the form below."
"NEW_GENERAL ACCESSORY_WHERE_TO_BUY_OPTION_HAS_BEEN_ADDED_SUCCESSFULLY";"New 'Where to Buy' option has been added successfully."
"EDIT_GENERAL ACCESSORY_WHERE_TO_BUY_OPTION_HAS_BEEN_EDITED_SUCCESSFULLY";"'Where to Buy' option has been edited successfully."
"DELETE_GENERAL ACCESSORY_WHERE_TO_BUY_OPTION_HAS_BEEN_DELETED_SUCCESSFULLY";"'Where to Buy' option has been deleted successfully."
"Oops! Something went wrong and you can not add this General Accessory to your wishlist. Please try again after sometime.";"Oops! Something went wrong and you can not add this Listing to your wishlist. Please try again after sometime."
"Showing general accessories tagged with: ";"Showing listings tagged with: "
"No general accessory have been posted yet.";"No listing have been posted yet."
"If this general accessory is published, it cannot be switched back to draft mode.";"If this listing is published, it cannot be switched back to draft mode."
"You are already subscribed to this member's general accessories.";"You are already subscribed to this member's listings."
"Would you like to subscribe to this member's general accessories?";"Would you like to subscribe to this member's listings?"
"You are now subscribed to this member's general accessories.";"You are now subscribed to this member's listings."
"You are already not subscribed to this member's general accessories.";"You are already not subscribed to this member's listings."
"Would you like to unsubscribe from this member's general accessories?";"Would you like to unsubscribe from this member's listings?"
"You are no longer subscribed to this member's general accessories.";"You are no longer subscribed to this member's listings."
"{item:$subject} added a new event in the general accessory listing {item:$object}:";"{item:$subject} added a new event in the general accessory listing {item:$object}:"
"Who may post discussion topics for this general accessory?";"Who may post discussion topics for this listing?"
"Who may create event for this general accessory?";"Who may create event for this listing?"
"ADMIN_ACTIVITY_TYPE_SITEREVIEW_EVENT_NEW_LISTTYPE_30";"Multiple Listing Types - When someone creates a new event in general accessory listing."
"_ACTIVITY_ACTIONTYPE_SITEREVIEW_EVENT_NEW_LISTTYPE_30";"Create event in general accessory listing"
"General Accessories I Have Claimed";"General Accessories I Have Claimed"
"There are no general accessories to be claimed yet.";"There are no listings to be claimed yet."
"About You and Your general accessory: ";"About You and Your listing: "
"You have not claimed for any general accessories yet.";"You have not claimed for any listings yet."
"Create a General Accessory";"Create a Listing"
"Create a general accessory using these quick, easy steps and get going.";"Create a listing using these quick, easy steps and get going."
"1. Choose a general accessory Package";"1. Choose a listing Package"
"Select a package that best matches your requirements. Packages differ in terms of features available to general accessories created under them. You can change your package anytime later.";"Select a package that best matches your requirements. Packages differ in terms of features available to listings created under them. You can change your package anytime later."
"Are you sure you want to change package for this General Accessory? Once you change package, all the settings of this general accessory will be applied according to the new package, including features available, price, etc.";"Are you sure you want to change package for this Listing? Once you change package, all the settings of this listing will be applied according to the new package, including features available, price, etc."
"If you want to change the package for your general accessory, please select one package from the following list of available packages.";"If you want to change the package for your listing, please select one package from the following list of available packages."
"Note: Once you change package for your general accessory, all the settings of the general accessory will be applied according to the new package, including apps available, features available, price, etc.";"Note: Once you change package for your listing, all the settings of the listing will be applied according to the new package, including apps available, features available, price, etc."
"Thank you for submitting your payment. Your payment is currently pending - your general accessory will be activated when we are notified that the payment has completed successfully. Please return to our login general accessory when you receive an email notifying you that the payment has completed.";"Thank you for submitting your payment. Your payment is currently pending - your listing will be activated when we are notified that the payment has completed successfully. Please return to our login listing when you receive an email notifying you that the payment has completed."
"You have already applied for this general accessory.";"You have already applied for this listing."
"Back to Dashboard general accessory";"Back to Dashboard listing"
"Back to My general accessories";"Back to My listings"
"Thank you! Your payment for your general accessory has been completed successfully.";"Thank you! Your payment for your listing has been completed successfully."
"Continue to Dashboard general accessory";"Continue to Dashboard listing"
"Continue to My general accessories";"Continue to My listings"
"Your general accessory is pending payment. You will receive an email when the
  payment completes.";"Your listing is pending payment. You will receive an email when the
  payment completes."
"You have created a general accessory that requires payment. You will be taken to a secure checkout area where you can pay for your general accessory.";"You have created a listing that requires payment. You will be taken to a secure checkout area where you can pay for your listing."
"Order your General Accessory";"Order your Listing"
"Your General Accessory requires payment:";"Your Listing requires payment:"
" to renew general accessory.";" to renew listing."
"The package for your General Accessory requires payment. You have not fulfilled the payment for this General Accessory.";"The package for your Listing requires payment. You have not fulfilled the payment for this Listing."
"Your package for this General Accessory has expired and needs to be renewed.";"Your package for this Listing has expired and needs to be renewed."
"Your package for this General Accessory is about to expire and needs to be renewed.";"Your package for this Listing is about to expire and needs to be renewed."
"2. Configure your general accessory based on the package you have chosen.";"2. Configure your listing based on the package you have chosen."
"Below, you can file a claim for a general accessory on this community that you believe should be owned by you. Your request will be sent to the administration.";"Below, you can file a claim for a listing on this community that you believe should be owned by you. Your request will be sent to the administration."
"General Accessory Name";"Listing Name"
"Start typing the name of the general accessory";"Start typing the name of the listing"
"About You and the General Accessory";"About You and the Listing"
"Renew General Accessory";"Renew Listing"
"_EMAIL_SITEREVIEW_GENERAL ACCESSORY_CANCELLED_TITLE";"General Accessory Listing Cancelled"
"_EMAIL_SITEREVIEW_GENERAL ACCESSORY_CANCELLED_DESCRIPTION";"This is the email that gets sent to a member when their general accessory listing is cancelled."
"_EMAIL_SITEREVIEW_GENERAL ACCESSORY_CANCELLED_SUBJECT";"Your general accessory listing: [list_title] has been cancelled."
"_EMAIL_SITEREVIEW_GENERAL ACCESSORY_CANCELLED_BODY";"[header]

Your general accessory listing: [list_title_with_link] has been cancelled.

To visit this general accessory listing, click on the link below, or copy-paste it in your browser:
[object_link]

If your general accessory listing required to be renewed, then you may do so from its dashboard.

[footer]"
"_EMAIL_SITEREVIEW_GENERAL ACCESSORY_EXPIRED_TITLE";"General Accessory Listing Expired: (for free packages)"
"_EMAIL_SITEREVIEW_GENERAL ACCESSORY_EXPIRED_DESCRIPTION";"This is the email that gets sent to a member when their general accessory listing belonging to a free package expires."
"_EMAIL_SITEREVIEW_GENERAL ACCESSORY_EXPIRED_SUBJECT";"Your general accessory Listing: [list_title] has expired."
"_EMAIL_SITEREVIEW_GENERAL ACCESSORY_EXPIRED_BODY";"[header]


Your general accessory listing: [list_title_with_link] has expired. It has reached the limit of its package.


To visit this general accessory listing, click on the link below, or copy-paste it in your browser:
[object_link]


[footer]"
"_EMAIL_SITEREVIEW_GENERAL ACCESSORY_RENEW_TITLE";"Listing Expired: (for paid packages)"
"_EMAIL_SITEREVIEW_GENERAL ACCESSORY_RENEW_DESCRIPTION";"This is the email that gets sent to a member when their listing belonging to a paid package expires."
"_EMAIL_SITEREVIEW_GENERAL ACCESSORY_RENEW_SUBJECT";"Your general accessory Listing: [list_title] has expired and needs to be renewed."
"_EMAIL_SITEREVIEW_GENERAL ACCESSORY_RENEW_BODY";"[header]

Your general accessory listing: [list_title_with_link] has expired. It has reached the limit of its package. You may renew this listing from its dashboard.

To visit this general accessory listing, click on the link below, or copy-paste it in your browser:
[object_link]

[footer]"
"_EMAIL_SITEREVIEW_GENERAL ACCESSORY_OVERDUE_TITLE";"General Accessory Listing Overdue"
"_EMAIL_SITEREVIEW_GENERAL ACCESSORY_OVERDUE_DESCRIPTION";"This is the email that gets sent to a member when their general accessory listing is overdue."
"_EMAIL_SITEREVIEW_GENERAL ACCESSORY_OVERDUE_SUBJECT";"Your general accessory listing: [list_title] is overdue."
"_EMAIL_SITEREVIEW_GENERAL ACCESSORY_OVERDUE_BODY";"[header]

Your general accessory listing: [list_title_with_link] is overdue because of a failed or missed payment.

To visit this general accessory listing, click on the link below, or copy-paste it in your browser:
[object_link]

To renew your general accessory listing, you may do so from its dashboard.

[footer]"
"_EMAIL_SITEREVIEW_GENERAL ACCESSORY_PENDING_TITLE";"General Accessory Listing Activation Pending"
"_EMAIL_SITEREVIEW_GENERAL ACCESSORY_PENDING_DESCRIPTION";"This is the email that gets sent to a member when their general accessory listing activation is pending."
"_EMAIL_SITEREVIEW_GENERAL ACCESSORY_PENDING_SUBJECT";"Your general accessory listing activation is pending."
"_EMAIL_SITEREVIEW_GENERAL ACCESSORY_PENDING_BODY";"[header]

Thank you for creating your general accessory listing on our social network! Your listing activation is pending, awaiting completion of the transaction. Your listing will be activated soon; we will notify you by email when it is ready.
Thank you for your patience.

[list_title]
[list_description]

[footer]"
"_EMAIL_SITEREVIEW_GENERAL ACCESSORY_ACTIVE_TITLE";"General Accessory Listing Activated"
"_EMAIL_SITEREVIEW_GENERAL ACCESSORY_ACTIVE_DESCRIPTION";"This is the email that gets sent to a member when their general accessory listing is activated."
"_EMAIL_SITEREVIEW_GENERAL ACCESSORY_ACTIVE_SUBJECT";"Your general accessory listing: [list_title] is now active."
"_EMAIL_SITEREVIEW_GENERAL ACCESSORY_ACTIVE_BODY";"[header]

Thank you for creating your general accessory listing on [site_title]! Your listing is now active.

[list_title]
[list_description]

To visit this general accessory listing, click on the link below, or copy-paste it in your browser:
[object_link]

[footer]"
"_EMAIL_SITEREVIEW_GENERAL ACCESSORY_RECURRENCE_TITLE";"General Accessory Listing Payment Recurrence"
"_EMAIL_SITEREVIEW_GENERAL ACCESSORY_RECURRENCE_DESCRIPTION";"This is the email that gets sent to a member when they are billed for a recurring payment."
"_EMAIL_SITEREVIEW_GENERAL ACCESSORY_RECURRENCE_SUBJECT";"Your payment for your general accessory listing has been billed."
"_EMAIL_SITEREVIEW_GENERAL ACCESSORY_RECURRENCE_BODY";"[header]

Your payment for your general accessory listing has been billed. You should receive an email from the
payment gateway regarding this charge. Thank you for subscribing to our social
network.

[list_title]
[list_description]

To visit this general accessory listing, click on the link below, or copy-paste it in your browser:
[object_link]

[footer]"
"_EMAIL_SITEREVIEW_GENERAL ACCESSORY_REFUNDED_TITLE";"General Accessory Listing Payment Refunded"
"_EMAIL_SITEREVIEW_GENERAL ACCESSORY_REFUNDED_DESCRIPTION";"This is the email that gets sent to a member when their general accessory listing payment is refunded."
"_EMAIL_SITEREVIEW_GENERAL ACCESSORY_REFUNDED_SUBJECT";"Your payment for your general accessory listing has been refunded."
"_EMAIL_SITEREVIEW_GENERAL ACCESSORY_REFUNDED_BODY";"[header]

Your payment for your general accessory listing has been refunded.

[list_title]
[list_description]

[footer]"
"_EMAIL_SITEREVIEW_GENERAL ACCESSORY_APPROVED_TITLE";"Listing Approved"
"_EMAIL_SITEREVIEW_GENERAL ACCESSORY_APPROVED_DESCRIPTION";"This is the email that gets sent to a member when their general accessory listing is approved."
"_EMAIL_SITEREVIEW_GENERAL ACCESSORY_APPROVED_SUBJECT";"Your general accessory listing: [list_title] has been approved."
"_EMAIL_SITEREVIEW_GENERAL ACCESSORY_APPROVED_BODY";"[header]

Thank you for creating your general accessory listing on our social network! Your listing has now been approved.

[list_title]
[list_description]

To visit this listing, click on the link below, or copy-paste it in your browser:
[object_link]

[footer]"
"_EMAIL_SITEREVIEW_GENERAL ACCESSORY_DISAPPROVED_TITLE";"Listing Disapproved"
"_EMAIL_SITEREVIEW_GENERAL ACCESSORY_DISAPPROVED_DESCRIPTION";"This is the email that gets sent to a member when their listing is disapproved."
"_EMAIL_SITEREVIEW_GENERAL ACCESSORY_DISAPPROVED_SUBJECT";"Your general accessory listing: [list_title] has been disapproved."
"_EMAIL_SITEREVIEW_GENERAL ACCESSORY_DISAPPROVED_BODY";"[header]

Your listing has been disapproved.

[list_title]
[list_description]

To visit this general accessory listing, click on the link below, or copy-paste it in your browser:
[object_link]

[footer]"
"_EMAIL_SITEREVIEW_GENERAL ACCESSORY_APPROVAL_PENDING_TITLE";"General Accessory Listing Approval Pending"
"_EMAIL_SITEREVIEW_GENERAL ACCESSORY_APPROVAL_PENDING_DESCRIPTION";"This is the email that gets sent to a member when their general accessory listing is pending for approval."
"_EMAIL_SITEREVIEW_GENERAL ACCESSORY_APPROVAL_PENDING_SUBJECT";"Your general accessory listing: [list_title] is in pending state and awaiting administrative approval."
"_EMAIL_SITEREVIEW_GENERAL ACCESSORY_APPROVAL_PENDING_BODY";"[header]

Your general accessory listing is in pending state and awaiting administrative approval.

[list_title]
[list_description]

To visit this general accessory listing, click on the link below, or copy-paste it in your browser:
[object_link]

[footer]"
"_EMAIL_SITEREVIEW_GENERAL ACCESSORY_DECLINED_TITLE";"General Accessory Listing Declined"
"_EMAIL_SITEREVIEW_GENERAL ACCESSORY_DECLINED_DESCRIPTION";"This is the email that gets sent to a member when their general accessory listing is declined."
"_EMAIL_SITEREVIEW_GENERAL ACCESSORY_DECLINED_SUBJECT";"Your general accessory listing: [list_title] has been declined."
"_EMAIL_SITEREVIEW_GENERAL ACCESSORY_DECLINED_BODY";"[header]

Your general accessory listing has been declined.

[list_title]
[list_description]

[footer]"
"_EMAIL_SITEREVIEW_GENERAL ACCESSORY_CHANGEOWNER_EMAIL_TITLE";"General Accessory - Listing Owner Changed"
"_EMAIL_SITEREVIEW_GENERAL ACCESSORY_CHANGEOWNER_EMAIL_DESCRIPTION";"This is the email that goes to a member when owner of their general accessory listing has been changed."
"_EMAIL_SITEREVIEW_GENERAL ACCESSORY_CHANGEOWNER_EMAIL_SUBJECT";"Owner of the general accessory listing: [list_title] has been changed."
"_EMAIL_SITEREVIEW_GENERAL ACCESSORY_CHANGEOWNER_EMAIL_BODY";"[header]

The owner of the general accessory listing: [list_title_with_link] has been changed. You are now no more the owner of this listing. All ownership rights for this listing have been transferred to the new owner.

For any queries or comments, you may contact us here: [site_contact_us_link].

To visit this general accessory listing, click on the link below, or copy-paste it in your browser:
[object_link]

[footer]"
"_EMAIL_SITEREVIEW_GENERAL ACCESSORY_CLAIMOWNER_EMAIL_TITLE";"General Accessory Listing Claimed"
"_EMAIL_SITEREVIEW_GENERAL ACCESSORY_CLAIMOWNER_EMAIL_DESCRIPTION";"This mail is sent to the Site Admin when any member claims that Listing."
"_EMAIL_SITEREVIEW_GENERAL ACCESSORY_CLAIMOWNER_EMAIL_SUBJECT";"This general accessory listing: [list_title] has been claimed."
"_EMAIL_SITEREVIEW_GENERAL ACCESSORY_CLAIMOWNER_EMAIL_BODY";"[header]

This general accessory listing: [list_title_with_link] has been claimed.

To view this general accessory listing, click on the link below, or copy-paste it in your browser:
[object_link]

[footer]
"
"_EMAIL_SITEREVIEW_GENERAL ACCESSORY_CLAIM_APPROVED_EMAIL_TITLE";"General Accessory - Listing Owner Changed"
"_EMAIL_SITEREVIEW_GENERAL ACCESSORY_CLAIM_APPROVED_EMAIL_DESCRIPTION";"This is the email that goes to a member when their claim for a listing has been approved."
"_EMAIL_SITEREVIEW_GENERAL ACCESSORY_CLAIM_APPROVED_EMAIL_SUBJECT";"Your claim for general accessory listing: [list_title] has been approved"
"_EMAIL_SITEREVIEW_GENERAL ACCESSORY_CLAIM_APPROVED_EMAIL_BODY";"[header]

Congratulations! Your claim for the general accessory Listing: [list_title_with_link] has been approved. You are now the owner of this listing.

To visit this general accessory listing, click on the link below, or copy-paste it in your browser:
[object_link]

[footer]"
"_EMAIL_SITEREVIEW_GENERAL ACCESSORY_BECOMEOWNER_EMAIL_TITLE";"General Accessory - Listing Ownership Given"""
"_EMAIL_SITEREVIEW_GENERAL ACCESSORY_BECOMEOWNER_EMAIL_DESCRIPTION";"This email goes to the new owner of the general accessory listing when owner of a general accessory listing is changed."
"_EMAIL_SITEREVIEW_GENERAL ACCESSORY_BECOMEOWNER_EMAIL_SUBJECT";"You are now the owner of the general accessory listing: [list_title]."
"_EMAIL_SITEREVIEW_GENERAL ACCESSORY_BECOMEOWNER_EMAIL_BODY";"[header]

You are now the owner of the general accessory Listing: [list_title_with_link]. All ownership rights for this listing have been provided to you.

For any queries or comments, you may contact us here: [site_contact_us_link].

To visit this general accessory listing, click on the link below, or copy-paste it in your browser:
[object_link]

[footer]"
"_EMAIL_SITEREVIEW_GENERAL ACCESSORY_CLAIM_HOLDING_EMAIL_TITLE";"General Accessory Listing Claim Approval on Hold"
"_EMAIL_SITEREVIEW_GENERAL ACCESSORY_CLAIM_HOLDING_EMAIL_DESCRIPTION";"This is the email that goes to a member when their claim for a general accessory listing has been put on hold for approval."
"_EMAIL_SITEREVIEW_GENERAL ACCESSORY_CLAIM_HOLDING_EMAIL_SUBJECT";"Your claim for general accessory listing: [list_title] has been put on hold for approval"
"_EMAIL_SITEREVIEW_GENERAL ACCESSORY_CLAIM_HOLDING_EMAIL_BODY";"[header]

Your claim for the general accessory Listing: [list_title_with_link] has been put on hold for approval.

To visit this listing, click on the link below, or copy-paste it in your browser:
[object_link]

[comments]

[footer]
"
"_EMAIL_SITEREVIEW_GENERAL ACCESSORY_CLAIM_DECLINED_EMAIL_TITLE";"General Accessory Listing Claim Declined"""
"_EMAIL_SITEREVIEW_GENERAL ACCESSORY_CLAIM_DECLINED_EMAIL_DESCRIPTION";"This is the email that goes to a member when their claim for a general accessory listing has been declined."
"_EMAIL_SITEREVIEW_GENERAL ACCESSORY_CLAIM_DECLINED_EMAIL_SUBJECT";"Your claim for general accessory listing: [list_title] has been declined"
"_EMAIL_SITEREVIEW_GENERAL ACCESSORY_CLAIM_DECLINED_EMAIL_BODY";"[header]

Your claim for this general accessory Listing: [list_title_with_link] has been declined.

To visit this general accessory listing, click on the link below, or copy-paste it in your browser:
[object_link]

[comments]

[footer]
"
"GENERAL ACCESSORY Creation";"Listing Creation"
"Edit General Accessory";"Edit Listing"
"Edit General Accessory Contact Details";"Edit Listing Contact Details"
"Edit General Accessory Meta Keywords";"Edit Listing Meta Keywords"
"Edit General Accessory Where to Buy";"Edit Listing Where to Buy"
"Edit General Accessory Profile Picture";"Edit Listing Profile Picture"
"Edit General Accessory 'Where to Buy'";"Edit Listing 'Where to Buy'"
"Edit General Accessory Details";"Edit Listing Details"
"General Accessory Listings";"General Accessory Listings"
"Post new general accessory listings to this page.";"Post new general accessory listings to this page."
"Post / Manage General Accessory Listings";"Post / Manage General Accessory Listings"
"Post New General Accessory Listing";"Post New General Accessory Listing"
"Add General Accessory Listings";"Add General Accessory Listings"
"Here, you can add various General Accessory Listings to be associated with and displayed on your Page by using the auto-suggest below. From the auto-suggest, you can choose to add the General Accessory Listings created by this Page’s Admins. Listings added by you here will display in a tab on your Page Profile.<br />Below, you can also remove listings added by you by using the link for each.";"Here, you can add various General Accessory Listings to be associated with and displayed on your Page by using the auto-suggest below. From the auto-suggest, you can choose to add the General Accessory Listings created by this Page’s Admins. Listings added by you here will display in a tab on your Page Profile.<br />Below, you can also remove listings added by you by using the link for each."
"Here, you can add various General Accessory Listings to be associated with and displayed on your Page by using the auto-suggest below. From the auto-suggest, you can choose to add the General Accessory Listings from various General Accessory Listings created on this site. Listings added by you here will display in a tab on your Page Profile.<br />Below, you can also remove listings added by you by using the link for each.";"Here, you can add various General Accessory Listings to be associated with and displayed on your Page by using the auto-suggest below. From the auto-suggest, you can choose to add the General Accessory Listings from various General Accessory Listings created on this site. Listings added by you here will display in a tab on your Page Profile.<br />Below, you can also remove listings added by you by using the link for each."
"Here, you can add various General Accessory Listings to be associated with and displayed on your Page by using the auto-suggest below. From the auto-suggest, you can choose to add the General Accessory Listings created by you. Listings added by you here will display in a tab on your Page Profile.<br />Below, you can also remove listings added by you by using the link for each.";"Here, you can add various General Accessory Listings to be associated with and displayed on your Page by using the auto-suggest below. From the auto-suggest, you can choose to add the General Accessory Listings created by you. Listings added by you here will display in a tab on your Page Profile.<br />Below, you can also remove listings added by you by using the link for each."
"Create General Accessories";"Create General Accessories"
"Manage General Accessories";"Manage General Accessories"
