"{item:$subject} commented on {item:$owner}'s {var:$listingtype} listing {item:$object:$title}: {body:$body}";"{item:$subject} commented on {item:$owner}'s toy listing {item:$object:$title}: {body:$body}"
"{item:$subject} replied to a comment on {item:$owner}'s {var:$listingtype} listing {item:$object:$title}: {body:$body}";"{item:$subject} replied to a comment on {item:$owner}'s toy listing {item:$object:$title}: {body:$body}"
"You can also choose the photo snapshot for the video displayed in the slideshow by using 'Video Snapshot' option.";"You can also choose the photo snapshot for the video displayed in the slideshow by using 'Video Snapshot' option."
"posted by";"posted by"
"Popular Tags";"Popular Tags"
"Popular Tags (%s)";"Popular Tags (%s)"
"Note: Users will not be able to create listings in '%s', until you have created atleast one category. Please create some categories from the Admin Panel for this listing type to enable users to create listings.";"Note: Users will not be able to create listings in '%s', until you have created atleast one category. Please create some categories from the Admin Panel for this listing type to enable users to create listings."
"Sorry, you can not post a new listing right now. Please try again after sometime or contact us by filling the 'Contact Us' form using the 'Contact' link available in the footer of our site.";"Sorry, you can not post a new listing right now. Please try again after sometime or contact us by filling the 'Contact Us' form using the 'Contact' link available in the footer of our site."
"There are currently no paid packages available of the site. Please upgrade your package.";"There are currently no paid packages available of the site. Please upgrade your package."
"ADMIN_ACTIVITY_TYPE_SITEREVIEW_NEW_LISTTYPE_35";"Multiple Listing Types - When a new toy is posted."
"_ACTIVITY_ACTIONTYPE_SITEREVIEW_NEW_LISTTYPE_35";"New toy"
"ADMIN_ACTIVITY_TYPE_SITEREVIEW_PHOTO_UPLOAD_LISTTYPE_35";"Multiple Listing Types - When someone uploads a photo to toy."
"_ACTIVITY_ACTIONTYPE_SITEREVIEW_PHOTO_UPLOAD_LISTTYPE_35";"Uploading a photo to toy"
"ADMIN_ACTIVITY_TYPE_VIDEO_SITEREVIEW_LISTTYPE_35";"Multiple Listing Types - When someone uploads a video to toy."
"_ACTIVITY_ACTIONTYPE_VIDEO_SITEREVIEW_LISTTYPE_35";"Uploading a video to toy"
"ADMIN_ACTIVITY_TYPE_SITEREVIEW_VIDEO_NEW_LISTTYPE_35";"Multiple Listing Types - When someone uploads a video to toy."
"_ACTIVITY_ACTIONTYPE_SITEREVIEW_VIDEO_NEW_LISTTYPE_35";"Uploading a video to toy"
"ADMIN_ACTIVITY_TYPE_SITEREVIEW_REVIEW_ADD_LISTTYPE_35";"Multiple Listing Types - When someone write a review on toy."
"_ACTIVITY_ACTIONTYPE_SITEREVIEW_REVIEW_ADD_LISTTYPE_35";"Writing a new toy review"
"ADMIN_ACTIVITY_TYPE_SITEREVIEW_TOPIC_CREATE_LISTTYPE_35";"Multiple Listing Types - When someone creates a new toy topic."
"_ACTIVITY_ACTIONTYPE_SITEREVIEW_TOPIC_CREATE_LISTTYPE_35";"Creating toy discussion topic"
"ADMIN_ACTIVITY_TYPE_SITEREVIEW_TOPIC_REPLY_LISTTYPE_35";"Multiple Listing Types - When someone replies to toy topic."
"_ACTIVITY_ACTIONTYPE_SITEREVIEW_TOPIC_REPLY_LISTTYPE_35";"Replying to toy discussion topic"
"ADMIN_ACTIVITY_TYPE_SITEREVIEW_CHANGE_PHOTO_LISTTYPE_35";"Multiple Listing Types - When toy Owner change their toy profile photo as User."
"_ACTIVITY_ACTIONTYPE_SITEREVIEW_CHANGE_PHOTO_LISTTYPE_35";"When toy Owner change their toy profile photo as User"
"ADMIN_ACTIVITY_TYPE_SITEREVIEW_WISHLIST_ADD_LISTING_LISTTYPE_35";"Multiple Listing Types - When someone adds toy in wishlist."
"_ACTIVITY_ACTIONTYPE_SITEREVIEW_WISHLIST_ADD_LISTING_LISTTYPE_35";"Adding toy to wishlist"
"{item:$subject} posted a new toy listing:";"{item:$subject} posted a new toy listing:"
"{item:$subject} added {var:$count} photo(s) to the toy listing: {item:$object:$title} {body:$body}";"{item:$subject} added {var:$count} photo(s) to the toy listing: {item:$object:$title} {body:$body}"
"{item:$subject} posted a new discussion {item:$object:topic} in the toy listing {itemParent:$object:sitereview}: {body:$body}";"{item:$subject} posted a {item:$object:topic} in the toy listing {itemParent:$object:sitereview}: {body:$body}"
"{item:$subject} replied to discussion {item:$object:topic} in the toy listing {itemParent:$object:sitereview_listing}: {body:$body}";"{item:$subject} replied to discussion {item:$object:topic} in the toy listing {itemParent:$object:sitereview_listing}: {body:$body}"
"{item:$subject} changed the profile picture of the toy listing {item:$object:$title}:";"{item:$subject} changed the profile picture of the toy listing {item:$object:$title}:"
"{item:$subject} added a new video in the toy listing {item:$object:$title}: {body:$body}";"{item:$subject} added a new video in the toy listing {item:$object:$title}: {body:$body}"
"{item:$subject} added a new video in the toy listing {item:$object}:";"{item:$subject} added a new video in the toy listing {item:$object}:"
"{item:$subject} rated and wrote a review for the toy listing {item:$object}:";"{item:$subject} rated and wrote a review for the toy listing {item:$object}:"
"{item:$subject} posted a new toy listing: {item:$object}.";"{item:$subject} posted a new toy listing: {item:$object}."
"Edit Toy Location";"Edit Listing Location"
"Edit the location of your toy by clicking on 'Edit Toy Location' below. You can accurately mark the position of your toy on the map by dragging-and-dropping the marker on the map at the right position, and then clicking on Save Changes to save the position.";"Edit the location of your listing by clicking on 'Edit Listing Location' below. You can accurately mark the position of your listing on the map by dragging-and-dropping the marker on the map at the right position, and then clicking on Save Changes to save the position."
"You have not added a location for your toy. %1$sClick here%2$s to add a location for your toy.";"You have not added a location for your listing. %1$sClick here%2$s to add a location for your listing."
"Post New Toy";"Post New Listing"
"Compose your new toy below, then click 'Submit' to publish the toy.";"Compose your new listing below, then click 'Submit' to publish the listing."
"Toy Title";"Listing Title"
"Who may see this toy?";"Who may see this listing?"
"Who may comment on this toy?";"Who may comment on this listing?"
"Who may upload photos for this toy?";"Who may upload photos for this listing?"
"Who may create videos for this toy?";"Who may create videos for this listing?"
"Select the networks, members of which should be able to see your toy. (Press Ctrl and click to select multiple networks. You can also choose to make your toy viewable to everyone.)";"Select the networks, members of which should be able to see your listing. (Press Ctrl and click to select multiple networks. You can also choose to make your listing viewable to everyone.)"
"Show this toy in search results";"Show this listing in search results"
"Show this toy on browse page and in various blocks.";"Show this toy on browse page and in various blocks."
"SEPARATE_TOY_TAGS_WITH_COMMAS";"Separate tags with commas."
"Your toy has been successfully created. You can enhance your toy from this Dashboard by creating other components.";"Your listing has been successfully created. You can enhance your listing from this Dashboard by creating other components."
"View Toy";"View Listing"
"View Toy &raquo;";"View Listing &raquo;"
"End toy on a specific date. (Please select date by clicking on the calendar icon below.)";"End listing on a specific date. (Please select date by clicking on the calendar icon below.)"
"When should this toy end?";"When should this listing end?"
"Note: your toy will be expired in %1$s %2$s after an approval or it may be changed by admin.";"Note: your listing will be expired in %1$s %2$s after an approval or it may be changed by admin."
"All Toys";"All Listings"
"Only Open Toys";"Only Open Listings"
"Only Closed Toys";"Only Closed Listings"
"Everyone's Toys";"Everyone's Listings"
"Only My Friends' Toys";"Only My Friends' Listings"
"Toys I Like";"Listings I Like"
"Only Expired Toys";"Only Expired Listings"
"Toys Having";"Listings Having"
"Only Toys With Photos";"Only Listings With Photos"
"Only Toy With Photos";"Only Listing With Photos"
"Edit the overview for your toy using the editor below, and then click 'Save Overview' to save changes.";"Edit the overview for your listing using the editor below, and then click 'Save Overview' to save changes."
"DASHBOARD_TOY_SAVE_OVERVIEW";"Save Overview"
"DASHBOARD_TOY_EDIT_OVERVIEW";"Edit Overview"
"Edit Toy Overview";"Edit Listing Overview"
"Contact information will be displayed on your toy profile.";"Contact information will be displayed on your toy profile."
"ADD_DASHBOARD_TOY_WHERE_TO_BUY_OPTION";"Add Where to Buy Option"
"EDIT_DASHBOARD_TOY_WHERE_TO_BUY_OPTION";"Edit Where to Buy"
"Add DASHBOARD_TOY_WHERE_TO_BUY option for this toy using the form below. Enter the name of the Store and other details where this toy is available.";"Add Where to Buy option for this listing using the form below. Enter the name of the Store and other details where this listing is available."
"Select the online store for your toy from available stores drop-down below.";"Select the online store for your listing from available stores drop-down below."
"Enter the URL of the Store's webpage where this toy is available. (We recommend you to enter complete URL.)";"Enter the URL of the Store's webpage where this listing is available. (We recommend you to enter complete URL.)"
"Edit Toy Style";"Edit Listing Style"
"Edit the CSS style of your toy using the text area below, and then click 'Save Style' to save changes.";"Edit the CSS style of your listing using the text area below, and then click 'Save Style' to save changes."
"Add your own CSS code above to give your toy a more personalized look.";"Add your own CSS code above to give your listing a more personalized look."
"Custom Advanced toy Style";"Custom Advanced listing Style"
"Meta keywords are a great way to provide search engines with information about your toy so that search engines populate your toy in search results. Below, you can add meta keywords for this toy. (The tags entered by you for this toy will also be added to the meta keywords.)";"Meta keywords are a great way to provide search engines with information about your toy so that search engines populate your toy in search results. Below, you can add meta keywords for this listing. (The tags entered by you for this listing will also be added to the meta keywords.)"
"Edit Toy Info";"Edit Toy Info"
"Edit the information of your toy using the form below.";"Edit the information of your listing using the form below."
"Delete Toy?";"Delete Toy?"
"Are you sure that you want to delete the Toy with the title ""%1$s"" last modified %2$s? It will not be recoverable after being deleted.";"Are you sure that you want to delete the Listing with the title ""%1$s"" last modified %2$s? It will not be recoverable after being deleted."
"You have not added a location for your toy. %s to add a location for your toy.";"You have not added a location for your listing. %s to add a location for your listing."
"(You can edit the end date to make the toy live again.)";"(You can edit the end date to make the listing live again.)"
"You do not have any toy that match your search criteria.";"You do not have any listing that match your search criteria."
"You do not have any toys.";"You do not have any listings."
"Get started by %1$sposting%2$s a new toy.";"Get started by %1$sposting%2$s a new listing."
"You have already created the maximum number of toys allowed. If you would like to create a new toy, please delete an old one first.";"You have already created the maximum number of listings allowed. If you would like to create a new listing, please delete an old one first."
"Publish Toy";"Publish Listing"
"Close Toy";"Close Listing"
"Open Toy";"Open Listing"
"Delete Toy";"Delete Listing"
"Popular Toy Tags";"Popular Listing Tags"
"Browse the tags created for toy by the various members.";"Browse the tags created for listing by the various members."
"Edit Toy Photos";"Edit Listing Photos"
"Edit and manage the photos of your toy below.";"Edit and manage the photos of your listing below."
"An attractive photo and video Slideshow will be displayed on your Toy Profile page. Below, you can choose the photos to be displayed in this slideshow by using the 'Show in Slideshow' option.";"An attractive photo and video Slideshow will be displayed on your Toy Profile page. Below, you can choose the photos to be displayed in this slideshow by using the 'Show in Slideshow' option."
"There are currently no photos in this toy. %1$sClick here%2$s to add photos now!";"There are currently no photos in this listing. %1$sClick here%2$s to add photos now!"
"Choose photos on your computer to add to this toy. (2MB maximum).";"Choose photos on your computer to add to this listing. (2MB maximum)."
"DASHBOARD_TOY_WHERE_TO_BUY options of %s";"Where to Buy options of %s"
"There are currently no DASHBOARD_TOY_WHERE_TO_BUY option for this toy. Click %s to add options now!";"There are currently no Where to Buy option for this listing. Click %s to add options now!"
"Edit Toy Videos";"Edit Listing Videos"
"Edit and manage the videos of your toy below.";"Edit and manage the videos of your listing below."
"There are currently no videos in this toy. Click %s to add videos now!";"There are currently no videos in this listing. Click %s to add videos now!"
"An attractive photo and video Slideshow will be displayed on your Toy Profile page. Below, you can select a video to be displayed in that slideshow by using the 'Show in Slideshow' option.";"An attractive photo and video Slideshow will be displayed on your Toy Profile page. Below, you can select a video to be displayed in that slideshow by using the 'Show in Slideshow' option."
"Add a new video in this toy using the form below.";"Add a new video in this listing using the form below."
"Click 'Add Photos' to select one or more photos from your computer. After you have selected the photos, they will begin to upload right away. When your upload is finished, click the button below your photo to save them to your toy.";"Click 'Add Photos' to select one or more photos from your computer. After you have selected the photos, they will begin to upload right away. When your upload is finished, click the button below your photo to save them to your listing."
"Go to the Toy %s";"Go to the Toy %s"
"Please %s to update your reviews for this Toy.";"Please %s to update your reviews for this Listing."
"Post a New Toy";"New Toy"
"You have not composed an overview for your toy. Click %s to compose it from the Dashboard of your toy.";"You have not composed an overview for your listing. Click %s to compose it from the Dashboard of your listing."
"You have not added any photo in your toy. %1$sClick here%2s to add your first photo.";"You have not added any photo in your listing. %1$sClick here%2s to add your first photo."
"You have not added any video in your toy. %1$sClick here%2$s to add your first video.";"You have not added any video in your listing. %1$sClick here%2$s to add your first video."
"There are currently no videos in this toy. %1$sClick here%2$s to add your first video.";"There are currently no videos in this listing. %1$sClick here%2$s to add your first video."
"No toys have been posted yet.";"No listings have been posted yet."
"BE_THE_FIRST_TOY_TO %1$spost%2$s one!";"Be the first to %1$spost%2$s one!"
"Nobody has posted a toy with that criteria.";"Nobody has posted a listing with that criteria."
"Be the first to toy %1$spost%2$s one!";"Be the first to %1$spost%2$s one!"
"This is the toy browse page.";"This is the toy browse page."
"Create your message with the form given below. (This message will be sent to the owner of this Toy.)";"Create your message with the form given below. (This message will be sent to the owner of this Toy.)"
"DASHBOARD_TOY_WHERE_TO_BUY";"Where to Buy"
"DASHBOARD_TOY_OVERVIEW";"Overview"
"Toys Home";"Toys Home"
"Browse Toys";"Browse Toys"
"My Toys";"My Toys"
"Top Rated Toys";"Top Rated Toys"
"Most Liked Toys";"Most Liked Toys"
"Popular Toys";"Popular Toys"
"Most Commented Toys";"Most Commented Toys"
"TOY_TAG_(Keywords)";"Tags (Keywords)"
"Please %1$sclick here%2$s to give your review and ratings for this toy.";"Please %1$sclick here%2$s to give your review and ratings for this listing."
"Please %1$sclick here%2$s to update your reviews for this toy.";"Please %1$sclick here%2$s to update your reviews for this listing."
"Please select the wishlists in which you want to add this toy.";"Please select the wishlists in which you want to add this listing."
"You have not created any wishlist yet. Get Started by creating and adding toys.";"You have not created any wishlist yet. Get Started by creating and adding listings."
"You can also add this toy in a new wishlist below:";"You can also add this listing in a new wishlist below:"
"TOY_TAG :";"Tag :"
"TOY_TAGS:";"Tags:"
"TOY_TAGS";"Tags"
"EXPLORE_TOY_TAGS &raquo;";"Explore Tags &raquo;"
"Featured Toys";"Featured Toys"
"Sponsored Toys";"Sponsored Toys"
"%s toy found.";"%s listing found.";"%s listings found."
"%s toy";"%s listing";"%s listings"
"%s toy entry";"%s listing entry";"%s listings entries"
"Toys";"Toys"
"Toy of the Day";"Toy of the Day"
"This toy has been closed by the owner.";"This listing has been closed by the owner."
"What do you like about this Toy?";"What do you like about this Listing?"
"What do you dislike about this Toy?";"What do you dislike about this Listing?"
"You may add a video to your toy either by choosing from your existing videos, or by posting a new video:";"You may add a video to your listing either by choosing from your existing videos, or by posting a new video:"
"No discussion topics have been posted in this toy yet. Click %1$s to start a discussion.";"No discussion topics have been posted in this listing yet. Click %1$s to start a discussion."
"'s Toy";"'s Listing"
"This message corresponds to the Toy: ";"This message corresponds to the Listing: "
"Your toy's location has been modified successfully.";"Your listing's location has been modified successfully."
"TOY_STORE";"Store"
"TOY_STORE_URL";"Store URL"
"Delete DASHBOARD_TOY_WHERE_TO_BUY?";"Delete Where to Buy?"
"Are you sure that you want to delete this DASHBOARD_TOY_WHERE_TO_BUY? It will not be recoverable after being deleted.";"Are you sure that you want to delete this Where to Buy? It will not be recoverable after being deleted."
"TOY_POSTED_BY";"Posted By"
"TOY_POSTED_ON:";"Posted On :"
"TOY_POSTED_BY:";"Posted By :"
"TOY_posted_by";"posted by"
"VIEW_ALL_TOY_STORES";"View all Stores &raquo;"
"ENTER_THE_ADDRESS_OF_TOY_STORE";"Enter the address of the store."
"TOY_AT %s store";"at %s store";"at %s stores"
"* The above cost for the %s is estimated and may slightly vary after including the taxes, manufacturer rebate, shipping cost, or any other sales / promotion on toys Stores.";"* The above cost for the %s is estimated and may slightly vary after including the taxes, manufacturer rebate, shipping cost, or any other sales / promotion on Stores."
"No reviews have been written for this toy yet.";"No reviews have been written for this listing yet."
"Select the best alternatives for %s below. (Selected alternatives will be displayed in 'Best Alternatives' block on this toy's profile page.)";"Select the best alternatives for %s below. (Selected alternatives will be displayed in 'Best Alternatives' block on this toy's profile page.)"
"Select the Store where this toy is available.";"Select the Store where this listing is available."
"This toy has beed expired.";"This listing has beed expired."
"Edit Where to Buy option for this toy using the form below.";"Edit Where to Buy option for this listing using the form below."
"NEW_TOY_WHERE_TO_BUY_OPTION_HAS_BEEN_ADDED_SUCCESSFULLY";"New 'Where to Buy' option has been added successfully."
"EDIT_TOY_WHERE_TO_BUY_OPTION_HAS_BEEN_EDITED_SUCCESSFULLY";"'Where to Buy' option has been edited successfully."
"DELETE_TOY_WHERE_TO_BUY_OPTION_HAS_BEEN_DELETED_SUCCESSFULLY";"'Where to Buy' option has been deleted successfully."
"Oops! Something went wrong and you can not add this Toy to your wishlist. Please try again after sometime.";"Oops! Something went wrong and you can not add this Listing to your wishlist. Please try again after sometime."
"Showing toys tagged with: ";"Showing listings tagged with: "
"No toy have been posted yet.";"No listing have been posted yet."
"If this toy is published, it cannot be switched back to draft mode.";"If this listing is published, it cannot be switched back to draft mode."
"You are already subscribed to this member's toys.";"You are already subscribed to this member's listings."
"Would you like to subscribe to this member's toys?";"Would you like to subscribe to this member's listings?"
"You are now subscribed to this member's toys.";"You are now subscribed to this member's listings."
"You are already not subscribed to this member's toys.";"You are already not subscribed to this member's listings."
"Would you like to unsubscribe from this member's toys?";"Would you like to unsubscribe from this member's listings?"
"You are no longer subscribed to this member's toys.";"You are no longer subscribed to this member's listings."
"{item:$subject} added a new event in the toy listing {item:$object}:";"{item:$subject} added a new event in the toy listing {item:$object}:"
"Who may post discussion topics for this toy?";"Who may post discussion topics for this listing?"
"Who may create event for this toy?";"Who may create event for this listing?"
"ADMIN_ACTIVITY_TYPE_SITEREVIEW_EVENT_NEW_LISTTYPE_35";"Multiple Listing Types - When someone creates a new event in toy listing."
"_ACTIVITY_ACTIONTYPE_SITEREVIEW_EVENT_NEW_LISTTYPE_35";"Create event in toy listing"
"Toys I Have Claimed";"Toys I Have Claimed"
"There are no toys to be claimed yet.";"There are no listings to be claimed yet."
"About You and Your toy: ";"About You and Your listing: "
"You have not claimed for any toys yet.";"You have not claimed for any listings yet."
"Create a Toy";"Create a Listing"
"Create a toy using these quick, easy steps and get going.";"Create a listing using these quick, easy steps and get going."
"1. Choose a toy Package";"1. Choose a listing Package"
"Select a package that best matches your requirements. Packages differ in terms of features available to toys created under them. You can change your package anytime later.";"Select a package that best matches your requirements. Packages differ in terms of features available to listings created under them. You can change your package anytime later."
"Are you sure you want to change package for this Toy? Once you change package, all the settings of this toy will be applied according to the new package, including features available, price, etc.";"Are you sure you want to change package for this Listing? Once you change package, all the settings of this listing will be applied according to the new package, including features available, price, etc."
"If you want to change the package for your toy, please select one package from the following list of available packages.";"If you want to change the package for your listing, please select one package from the following list of available packages."
"Note: Once you change package for your toy, all the settings of the toy will be applied according to the new package, including apps available, features available, price, etc.";"Note: Once you change package for your listing, all the settings of the listing will be applied according to the new package, including apps available, features available, price, etc."
"Thank you for submitting your payment. Your payment is currently pending - your toy will be activated when we are notified that the payment has completed successfully. Please return to our login toy when you receive an email notifying you that the payment has completed.";"Thank you for submitting your payment. Your payment is currently pending - your listing will be activated when we are notified that the payment has completed successfully. Please return to our login listing when you receive an email notifying you that the payment has completed."
"You have already applied for this toy.";"You have already applied for this listing."
"Back to Dashboard toy";"Back to Dashboard listing"
"Back to My toys";"Back to My listings"
"Thank you! Your payment for your toy has been completed successfully.";"Thank you! Your payment for your listing has been completed successfully."
"Continue to Dashboard toy";"Continue to Dashboard listing"
"Continue to My toys";"Continue to My listings"
"Your toy is pending payment. You will receive an email when the
  payment completes.";"Your listing is pending payment. You will receive an email when the
  payment completes."
"You have created a toy that requires payment. You will be taken to a secure checkout area where you can pay for your toy.";"You have created a listing that requires payment. You will be taken to a secure checkout area where you can pay for your listing."
"Order your Toy";"Order your Listing"
"Your Toy requires payment:";"Your Listing requires payment:"
" to renew toy.";" to renew listing."
"The package for your Toy requires payment. You have not fulfilled the payment for this Toy.";"The package for your Listing requires payment. You have not fulfilled the payment for this Listing."
"Your package for this Toy has expired and needs to be renewed.";"Your package for this Listing has expired and needs to be renewed."
"Your package for this Toy is about to expire and needs to be renewed.";"Your package for this Listing is about to expire and needs to be renewed."
"2. Configure your toy based on the package you have chosen.";"2. Configure your listing based on the package you have chosen."
"Below, you can file a claim for a toy on this community that you believe should be owned by you. Your request will be sent to the administration.";"Below, you can file a claim for a listing on this community that you believe should be owned by you. Your request will be sent to the administration."
"Toy Name";"Listing Name"
"Start typing the name of the toy";"Start typing the name of the listing"
"About You and the Toy";"About You and the Listing"
"Renew Toy";"Renew Listing"
"_EMAIL_SITEREVIEW_TOY_CANCELLED_TITLE";"Toy Listing Cancelled"
"_EMAIL_SITEREVIEW_TOY_CANCELLED_DESCRIPTION";"This is the email that gets sent to a member when their toy listing is cancelled."
"_EMAIL_SITEREVIEW_TOY_CANCELLED_SUBJECT";"Your toy listing: [list_title] has been cancelled."
"_EMAIL_SITEREVIEW_TOY_CANCELLED_BODY";"[header]

Your toy listing: [list_title_with_link] has been cancelled.

To visit this toy listing, click on the link below, or copy-paste it in your browser:
[object_link]

If your toy listing required to be renewed, then you may do so from its dashboard.

[footer]"
"_EMAIL_SITEREVIEW_TOY_EXPIRED_TITLE";"Toy Listing Expired: (for free packages)"
"_EMAIL_SITEREVIEW_TOY_EXPIRED_DESCRIPTION";"This is the email that gets sent to a member when their toy listing belonging to a free package expires."
"_EMAIL_SITEREVIEW_TOY_EXPIRED_SUBJECT";"Your toy Listing: [list_title] has expired."
"_EMAIL_SITEREVIEW_TOY_EXPIRED_BODY";"[header]


Your toy listing: [list_title_with_link] has expired. It has reached the limit of its package.


To visit this toy listing, click on the link below, or copy-paste it in your browser:
[object_link]


[footer]"
"_EMAIL_SITEREVIEW_TOY_RENEW_TITLE";"Listing Expired: (for paid packages)"
"_EMAIL_SITEREVIEW_TOY_RENEW_DESCRIPTION";"This is the email that gets sent to a member when their listing belonging to a paid package expires."
"_EMAIL_SITEREVIEW_TOY_RENEW_SUBJECT";"Your toy Listing: [list_title] has expired and needs to be renewed."
"_EMAIL_SITEREVIEW_TOY_RENEW_BODY";"[header]

Your toy listing: [list_title_with_link] has expired. It has reached the limit of its package. You may renew this listing from its dashboard.

To visit this toy listing, click on the link below, or copy-paste it in your browser:
[object_link]

[footer]"
"_EMAIL_SITEREVIEW_TOY_OVERDUE_TITLE";"Toy Listing Overdue"
"_EMAIL_SITEREVIEW_TOY_OVERDUE_DESCRIPTION";"This is the email that gets sent to a member when their toy listing is overdue."
"_EMAIL_SITEREVIEW_TOY_OVERDUE_SUBJECT";"Your toy listing: [list_title] is overdue."
"_EMAIL_SITEREVIEW_TOY_OVERDUE_BODY";"[header]

Your toy listing: [list_title_with_link] is overdue because of a failed or missed payment.

To visit this toy listing, click on the link below, or copy-paste it in your browser:
[object_link]

To renew your toy listing, you may do so from its dashboard.

[footer]"
"_EMAIL_SITEREVIEW_TOY_PENDING_TITLE";"Toy Listing Activation Pending"
"_EMAIL_SITEREVIEW_TOY_PENDING_DESCRIPTION";"This is the email that gets sent to a member when their toy listing activation is pending."
"_EMAIL_SITEREVIEW_TOY_PENDING_SUBJECT";"Your toy listing activation is pending."
"_EMAIL_SITEREVIEW_TOY_PENDING_BODY";"[header]

Thank you for creating your toy listing on our social network! Your listing activation is pending, awaiting completion of the transaction. Your listing will be activated soon; we will notify you by email when it is ready.
Thank you for your patience.

[list_title]
[list_description]

[footer]"
"_EMAIL_SITEREVIEW_TOY_ACTIVE_TITLE";"Toy Listing Activated"
"_EMAIL_SITEREVIEW_TOY_ACTIVE_DESCRIPTION";"This is the email that gets sent to a member when their toy listing is activated."
"_EMAIL_SITEREVIEW_TOY_ACTIVE_SUBJECT";"Your toy listing: [list_title] is now active."
"_EMAIL_SITEREVIEW_TOY_ACTIVE_BODY";"[header]

Thank you for creating your toy listing on [site_title]! Your listing is now active.

[list_title]
[list_description]

To visit this toy listing, click on the link below, or copy-paste it in your browser:
[object_link]

[footer]"
"_EMAIL_SITEREVIEW_TOY_RECURRENCE_TITLE";"Toy Listing Payment Recurrence"
"_EMAIL_SITEREVIEW_TOY_RECURRENCE_DESCRIPTION";"This is the email that gets sent to a member when they are billed for a recurring payment."
"_EMAIL_SITEREVIEW_TOY_RECURRENCE_SUBJECT";"Your payment for your toy listing has been billed."
"_EMAIL_SITEREVIEW_TOY_RECURRENCE_BODY";"[header]

Your payment for your toy listing has been billed. You should receive an email from the
payment gateway regarding this charge. Thank you for subscribing to our social
network.

[list_title]
[list_description]

To visit this toy listing, click on the link below, or copy-paste it in your browser:
[object_link]

[footer]"
"_EMAIL_SITEREVIEW_TOY_REFUNDED_TITLE";"Toy Listing Payment Refunded"
"_EMAIL_SITEREVIEW_TOY_REFUNDED_DESCRIPTION";"This is the email that gets sent to a member when their toy listing payment is refunded."
"_EMAIL_SITEREVIEW_TOY_REFUNDED_SUBJECT";"Your payment for your toy listing has been refunded."
"_EMAIL_SITEREVIEW_TOY_REFUNDED_BODY";"[header]

Your payment for your toy listing has been refunded.

[list_title]
[list_description]

[footer]"
"_EMAIL_SITEREVIEW_TOY_APPROVED_TITLE";"Listing Approved"
"_EMAIL_SITEREVIEW_TOY_APPROVED_DESCRIPTION";"This is the email that gets sent to a member when their toy listing is approved."
"_EMAIL_SITEREVIEW_TOY_APPROVED_SUBJECT";"Your toy listing: [list_title] has been approved."
"_EMAIL_SITEREVIEW_TOY_APPROVED_BODY";"[header]

Thank you for creating your toy listing on our social network! Your listing has now been approved.

[list_title]
[list_description]

To visit this listing, click on the link below, or copy-paste it in your browser:
[object_link]

[footer]"
"_EMAIL_SITEREVIEW_TOY_DISAPPROVED_TITLE";"Listing Disapproved"
"_EMAIL_SITEREVIEW_TOY_DISAPPROVED_DESCRIPTION";"This is the email that gets sent to a member when their listing is disapproved."
"_EMAIL_SITEREVIEW_TOY_DISAPPROVED_SUBJECT";"Your toy listing: [list_title] has been disapproved."
"_EMAIL_SITEREVIEW_TOY_DISAPPROVED_BODY";"[header]

Your listing has been disapproved.

[list_title]
[list_description]

To visit this toy listing, click on the link below, or copy-paste it in your browser:
[object_link]

[footer]"
"_EMAIL_SITEREVIEW_TOY_APPROVAL_PENDING_TITLE";"Toy Listing Approval Pending"
"_EMAIL_SITEREVIEW_TOY_APPROVAL_PENDING_DESCRIPTION";"This is the email that gets sent to a member when their toy listing is pending for approval."
"_EMAIL_SITEREVIEW_TOY_APPROVAL_PENDING_SUBJECT";"Your toy listing: [list_title] is in pending state and awaiting administrative approval."
"_EMAIL_SITEREVIEW_TOY_APPROVAL_PENDING_BODY";"[header]

Your toy listing is in pending state and awaiting administrative approval.

[list_title]
[list_description]

To visit this toy listing, click on the link below, or copy-paste it in your browser:
[object_link]

[footer]"
"_EMAIL_SITEREVIEW_TOY_DECLINED_TITLE";"Toy Listing Declined"
"_EMAIL_SITEREVIEW_TOY_DECLINED_DESCRIPTION";"This is the email that gets sent to a member when their toy listing is declined."
"_EMAIL_SITEREVIEW_TOY_DECLINED_SUBJECT";"Your toy listing: [list_title] has been declined."
"_EMAIL_SITEREVIEW_TOY_DECLINED_BODY";"[header]

Your toy listing has been declined.

[list_title]
[list_description]

[footer]"
"_EMAIL_SITEREVIEW_TOY_CHANGEOWNER_EMAIL_TITLE";"Toy - Listing Owner Changed"
"_EMAIL_SITEREVIEW_TOY_CHANGEOWNER_EMAIL_DESCRIPTION";"This is the email that goes to a member when owner of their toy listing has been changed."
"_EMAIL_SITEREVIEW_TOY_CHANGEOWNER_EMAIL_SUBJECT";"Owner of the toy listing: [list_title] has been changed."
"_EMAIL_SITEREVIEW_TOY_CHANGEOWNER_EMAIL_BODY";"[header]

The owner of the toy listing: [list_title_with_link] has been changed. You are now no more the owner of this listing. All ownership rights for this listing have been transferred to the new owner.

For any queries or comments, you may contact us here: [site_contact_us_link].

To visit this toy listing, click on the link below, or copy-paste it in your browser:
[object_link]

[footer]"
"_EMAIL_SITEREVIEW_TOY_CLAIMOWNER_EMAIL_TITLE";"Toy Listing Claimed"
"_EMAIL_SITEREVIEW_TOY_CLAIMOWNER_EMAIL_DESCRIPTION";"This mail is sent to the Site Admin when any member claims that Listing."
"_EMAIL_SITEREVIEW_TOY_CLAIMOWNER_EMAIL_SUBJECT";"This toy listing: [list_title] has been claimed."
"_EMAIL_SITEREVIEW_TOY_CLAIMOWNER_EMAIL_BODY";"[header]

This toy listing: [list_title_with_link] has been claimed.

To view this toy listing, click on the link below, or copy-paste it in your browser:
[object_link]

[footer]
"
"_EMAIL_SITEREVIEW_TOY_CLAIM_APPROVED_EMAIL_TITLE";"Toy - Listing Owner Changed"
"_EMAIL_SITEREVIEW_TOY_CLAIM_APPROVED_EMAIL_DESCRIPTION";"This is the email that goes to a member when their claim for a listing has been approved."
"_EMAIL_SITEREVIEW_TOY_CLAIM_APPROVED_EMAIL_SUBJECT";"Your claim for toy listing: [list_title] has been approved"
"_EMAIL_SITEREVIEW_TOY_CLAIM_APPROVED_EMAIL_BODY";"[header]

Congratulations! Your claim for the toy Listing: [list_title_with_link] has been approved. You are now the owner of this listing.

To visit this toy listing, click on the link below, or copy-paste it in your browser:
[object_link]

[footer]"
"_EMAIL_SITEREVIEW_TOY_BECOMEOWNER_EMAIL_TITLE";"Toy - Listing Ownership Given"""
"_EMAIL_SITEREVIEW_TOY_BECOMEOWNER_EMAIL_DESCRIPTION";"This email goes to the new owner of the toy listing when owner of a toy listing is changed."
"_EMAIL_SITEREVIEW_TOY_BECOMEOWNER_EMAIL_SUBJECT";"You are now the owner of the toy listing: [list_title]."
"_EMAIL_SITEREVIEW_TOY_BECOMEOWNER_EMAIL_BODY";"[header]

You are now the owner of the toy Listing: [list_title_with_link]. All ownership rights for this listing have been provided to you.

For any queries or comments, you may contact us here: [site_contact_us_link].

To visit this toy listing, click on the link below, or copy-paste it in your browser:
[object_link]

[footer]"
"_EMAIL_SITEREVIEW_TOY_CLAIM_HOLDING_EMAIL_TITLE";"Toy Listing Claim Approval on Hold"
"_EMAIL_SITEREVIEW_TOY_CLAIM_HOLDING_EMAIL_DESCRIPTION";"This is the email that goes to a member when their claim for a toy listing has been put on hold for approval."
"_EMAIL_SITEREVIEW_TOY_CLAIM_HOLDING_EMAIL_SUBJECT";"Your claim for toy listing: [list_title] has been put on hold for approval"
"_EMAIL_SITEREVIEW_TOY_CLAIM_HOLDING_EMAIL_BODY";"[header]

Your claim for the toy Listing: [list_title_with_link] has been put on hold for approval.

To visit this listing, click on the link below, or copy-paste it in your browser:
[object_link]

[comments]

[footer]
"
"_EMAIL_SITEREVIEW_TOY_CLAIM_DECLINED_EMAIL_TITLE";"Toy Listing Claim Declined"""
"_EMAIL_SITEREVIEW_TOY_CLAIM_DECLINED_EMAIL_DESCRIPTION";"This is the email that goes to a member when their claim for a toy listing has been declined."
"_EMAIL_SITEREVIEW_TOY_CLAIM_DECLINED_EMAIL_SUBJECT";"Your claim for toy listing: [list_title] has been declined"
"_EMAIL_SITEREVIEW_TOY_CLAIM_DECLINED_EMAIL_BODY";"[header]

Your claim for this toy Listing: [list_title_with_link] has been declined.

To visit this toy listing, click on the link below, or copy-paste it in your browser:
[object_link]

[comments]

[footer]
"
"TOY Creation";"Listing Creation"
"Edit Toy";"Edit Listing"
"Edit Toy Contact Details";"Edit Listing Contact Details"
"Edit Toy Meta Keywords";"Edit Listing Meta Keywords"
"Edit Toy Where to Buy";"Edit Listing Where to Buy"
"Edit Toy Profile Picture";"Edit Listing Profile Picture"
"Edit Toy 'Where to Buy'";"Edit Listing 'Where to Buy'"
"Edit Toy Details";"Edit Listing Details"
"Toy Listings";"Toy Listings"
"Post new toy listings to this page.";"Post new toy listings to this page."
"Post / Manage Toy Listings";"Post / Manage Toy Listings"
"Post New Toy Listing";"Post New Toy Listing"
"Add Toy Listings";"Add Toy Listings"
"Here, you can add various Toy Listings to be associated with and displayed on your Page by using the auto-suggest below. From the auto-suggest, you can choose to add the Toy Listings created by this Page’s Admins. Listings added by you here will display in a tab on your Page Profile.<br />Below, you can also remove listings added by you by using the link for each.";"Here, you can add various Toy Listings to be associated with and displayed on your Page by using the auto-suggest below. From the auto-suggest, you can choose to add the Toy Listings created by this Page’s Admins. Listings added by you here will display in a tab on your Page Profile.<br />Below, you can also remove listings added by you by using the link for each."
"Here, you can add various Toy Listings to be associated with and displayed on your Page by using the auto-suggest below. From the auto-suggest, you can choose to add the Toy Listings from various Toy Listings created on this site. Listings added by you here will display in a tab on your Page Profile.<br />Below, you can also remove listings added by you by using the link for each.";"Here, you can add various Toy Listings to be associated with and displayed on your Page by using the auto-suggest below. From the auto-suggest, you can choose to add the Toy Listings from various Toy Listings created on this site. Listings added by you here will display in a tab on your Page Profile.<br />Below, you can also remove listings added by you by using the link for each."
"Here, you can add various Toy Listings to be associated with and displayed on your Page by using the auto-suggest below. From the auto-suggest, you can choose to add the Toy Listings created by you. Listings added by you here will display in a tab on your Page Profile.<br />Below, you can also remove listings added by you by using the link for each.";"Here, you can add various Toy Listings to be associated with and displayed on your Page by using the auto-suggest below. From the auto-suggest, you can choose to add the Toy Listings created by you. Listings added by you here will display in a tab on your Page Profile.<br />Below, you can also remove listings added by you by using the link for each."
"Create Toys";"Create Toys"
"Manage Toys";"Manage Toys"
